date,commodity,retail_price,retail_unit,wholesale_price,wholesale_unit
2026-10-04,Rice,45.87,₹/Kg,4111.48,₹/Qtl
2026-10-04,Wheat,32.15,₹/Kg,2898.83,₹/Qtl
2026-10-04,Atta (Wheat),37.71,₹/Kg,3368.50,₹/Qtl
2026-10-04,Gram Dal,87.75,₹/Kg,8103.73,₹/Qtl
2026-10-04,Tur/Arhar Dal,124.82,₹/Kg,11603.38,₹/Qtl
2026-10-04,Urad Dal,122.57,₹/Kg,11359.04,₹/Qtl
2026-10-04,Moong Dal,110.57,₹/Kg,10141.57,₹/Qtl
2026-10-04,Masur Dal,88.46,₹/Kg,8053.42,₹/Qtl
2026-10-04,Broken Rice,32.48,₹/Kg,2858.06,₹/Qtl
2026-10-04,Groundnut Oil (Packed),209.04,₹/Kg,19832.02,₹/Qtl
2026-10-04,Mustard Oil (Packed),202.03,₹/Kg,19255.39,₹/Qtl
2026-10-04,Vanaspati (Packed),166.49,₹/Kg,15648.19,₹/Qtl
2026-10-04,Soya Oil (Packed),166.60,₹/Kg,15635.79,₹/Qtl
2026-10-04,Sunflower Oil (Packed),190.91,₹/Kg,18210.02,₹/Qtl
2026-10-04,Palm Oil (Packed),152.68,₹/Kg,14398.02,₹/Qtl
2026-10-04,Potato,21.47,₹/Kg,1577.19,₹/Qtl
2026-10-04,Onion,52.08,₹/Kg,4464.94,₹/Qtl
2026-10-04,Tomato,40.55,₹/Kg,3215.44,₹/Qtl
2026-10-04,Sugar,54.31,₹/Kg,5034.18,₹/Qtl
2026-10-04,Gur,65.72,₹/Kg,5880.56,₹/Qtl
2026-10-04,Milk,60.22,₹/Ltr,5674.31,₹/100 Ltr
2026-10-04,Tea Loose,265.08,₹/Kg,23908.98,₹/Qtl
2026-10-04,Salt Pack (Iodised),22.81,₹/Kg,1937.74,₹/Qtl
2026-10-04,Bajra (whole),38.63,₹/Kg,,
2026-10-04,Jowar (whole),45.35,₹/Kg,,
2026-10-04,Maida (wheat),41.42,₹/Kg,,
2026-10-04,Ragi (whole),56.39,₹/Kg,,
2026-10-04,Suji,44.93,₹/Kg,,
2026-10-04,Besan,95.90,₹/Kg,,
2026-10-04,Desi Ghee,699.81,₹/Kg,,
2026-10-04,Butter (Pasteurised),60.59,₹/Kg,,
2026-10-04,Eggs,82.95,₹/Kg,,
2026-10-04,Brinjal,41.05,₹/Kg,,
2026-10-04,Black Pepper (whole),88.23,₹/100 gm,,
2026-10-04,Coriander (whole),43.63,₹/250 gm,,
2026-10-04,Cummin Seed (whole),39.16,₹/100 gm,,
2026-10-04,Red Chillies (whole),29.99,₹/100 gm,,
2026-10-04,Turmeric (powder),16.37,₹/50 gm,,
2026-10-04,Banana,47.11,₹/Kg,,
2026-10-04,Ginger,35.69,₹/250 gm,,
2026-10-04,Garlic,44.14,₹/250 gm,,